{
    "MAE": 0.1660208565273754,
    "MSE": 0.03477507576694458,
    "RMSE": 0.18648076513931558,
    "MAPE": 21.18156180149773,
    "R-squared": -1.0104903421019142
}