{
    "MAE": 0.028891418460862472,
    "MSE": 0.0014638089764866088,
    "RMSE": 0.03825975661823542,
    "MAPE": 22.636433869567842,
    "R-squared": 0.915371174756552
}