{
    "MAE": 19.95818455698484,
    "MSE": 453.40248961100787
}