{
    "MAE": 2491.2092314875094,
    "MSE": 8366279.216656633
}