{
    "MAE": 0.08339750856134208,
    "MSE": 0.00802725357237418,
    "RMSE": 0.0895949416673407,
    "MAPE": 19.214747595012508,
    "R-squared": 0.5359114128458055
}