{
    "MAE": 0.02643897616954327,
    "MSE": 0.0009099413825509544,
    "RMSE": 0.030165234667592997,
    "MAPE": 21.338763251915097,
    "R-squared": 0.9473925413201683
}