{
    "MAE": 2290.7978325214654,
    "MSE": 6897316.592340186
}