{
    "MAE": 40039.99356975843,
    "MSE": 3455331569.7340617
}